rank,family,name,description,threshold,target,action_param,score,n_conv,n_total,min_v,max_load,max_loss,blackout_steps,shed_mw,fire_count
1,RECONF,RECONF_TIE,IF blackout THEN close switch TIE,0.05,TIE,0.0,85.58086360865605,41,41,0.8706336002208377,14.762354990419716,0.6260914385754512,0,0.0,1
2,COMPOUND,RECONF_only,RECONF_TIE,,,,85.58086360865605,41,41,0.8706336002208377,14.762354990419716,0.6260914385754512,0,0.0,RECONF_TIE:1
3,COMPOUND,RECONF+OVL,RECONF_TIE+OVL_lt110_f10_WORST,,,,85.58086360865605,41,41,0.8706336002208377,14.762354990419716,0.6260914385754512,0,0.0,"RECONF_TIE:1, OVL_lt110_f10_WORST:0"
4,COMPOUND,RECONF+UVLS+OVL,RECONF_TIE+UVLS_v90_f20_WORST+OVL_lt110_f10_WORST,,,,85.58086360865605,41,41,0.8706336002208377,14.762354990419716,0.6260914385754512,0,0.0,"RECONF_TIE:1, UVLS_v90_f20_WORST:5, OVL_lt110_f10_WORST:0"
5,COMPOUND,RECONF+UVLS,RECONF_TIE+UVLS_v90_f20_WORST,,,,85.58086360865605,41,41,0.8706336002208377,14.762354990419716,0.6260914385754512,0,0.0,"RECONF_TIE:1, UVLS_v90_f20_WORST:5"
6,UVLS,UVLS_v90_f20_WORST,IF V<0.9 THEN shed 20% on *,0.9,*,0.2,-50.666919201239004,41,41,0.0,6.649141633924869,0.20050378465189844,25,0.0,5
7,UVLS,UVLS_v90_f30_WORST,IF V<0.9 THEN shed 30% on *,0.9,*,0.3,-50.666919201239004,41,41,0.0,6.649141633924869,0.20050378465189844,25,0.0,5
8,UVLS,UVLS_v90_f50_WORST,IF V<0.9 THEN shed 50% on *,0.9,*,0.5,-50.666919201239004,41,41,0.0,6.649141633924869,0.20050378465189844,25,0.0,5
9,UVLS,UVLS_v90_f10_WORST,IF V<0.9 THEN shed 10% on *,0.9,*,0.1,-50.666919201239004,41,41,0.0,6.649141633924869,0.20050378465189844,25,0.0,5
10,UVLS,UVLS_v92_f20_WORST,IF V<0.92 THEN shed 20% on *,0.92,*,0.2,-50.666919201239004,41,41,0.0,6.649141633924869,0.20050378465189844,25,0.0,5
11,UVLS,UVLS_v94_f30_WORST,IF V<0.94 THEN shed 30% on *,0.94,*,0.3,-50.666919201239004,41,41,0.0,6.649141633924869,0.20050378465189844,25,0.0,5
12,UVLS,UVLS_v94_f50_WORST,IF V<0.94 THEN shed 50% on *,0.94,*,0.5,-50.666919201239004,41,41,0.0,6.649141633924869,0.20050378465189844,25,0.0,5
13,UVLS,UVLS_v92_f10_WORST,IF V<0.92 THEN shed 10% on *,0.92,*,0.1,-50.666919201239004,41,41,0.0,6.649141633924869,0.20050378465189844,25,0.0,5
14,UVLS,UVLS_v96_f10_WORST,IF V<0.96 THEN shed 10% on *,0.96,*,0.1,-50.666919201239004,41,41,0.0,6.649141633924869,0.20050378465189844,25,0.0,5
15,UVLS,UVLS_v92_f30_WORST,IF V<0.92 THEN shed 30% on *,0.92,*,0.3,-50.666919201239004,41,41,0.0,6.649141633924869,0.20050378465189844,25,0.0,5
16,UVLS,UVLS_v92_f50_WORST,IF V<0.92 THEN shed 50% on *,0.92,*,0.5,-50.666919201239004,41,41,0.0,6.649141633924869,0.20050378465189844,25,0.0,5
17,UVLS,UVLS_v94_f10_WORST,IF V<0.94 THEN shed 10% on *,0.94,*,0.1,-50.666919201239004,41,41,0.0,6.649141633924869,0.20050378465189844,25,0.0,5
18,UVLS,UVLS_v94_f20_WORST,IF V<0.94 THEN shed 20% on *,0.94,*,0.2,-50.666919201239004,41,41,0.0,6.649141633924869,0.20050378465189844,25,0.0,5
19,OVERLOAD,OVL_lt110_f10_WORST,IF loading>110.0% THEN shed 10% on *,110.0,*,0.1,-50.666919201239004,41,41,0.0,6.649141633924869,0.20050378465189844,25,0.0,0
20,UVLS,UVLS_v96_f30_WORST,IF V<0.96 THEN shed 30% on *,0.96,*,0.3,-50.666919201239004,41,41,0.0,6.649141633924869,0.20050378465189844,25,0.0,5
21,UVLS,UVLS_v96_f50_WORST,IF V<0.96 THEN shed 50% on *,0.96,*,0.5,-50.666919201239004,41,41,0.0,6.649141633924869,0.20050378465189844,25,0.0,5
22,UVLS,UVLS_v96_f20_WORST,IF V<0.96 THEN shed 20% on *,0.96,*,0.2,-50.666919201239004,41,41,0.0,6.649141633924869,0.20050378465189844,25,0.0,5
23,OVERLOAD,OVL_lt110_f20_WORST,IF loading>110.0% THEN shed 20% on *,110.0,*,0.2,-50.666919201239004,41,41,0.0,6.649141633924869,0.20050378465189844,25,0.0,0
24,OVERLOAD,OVL_lt130_f5_WORST,IF loading>130.0% THEN shed 5% on *,130.0,*,0.05,-50.666919201239004,41,41,0.0,6.649141633924869,0.20050378465189844,25,0.0,0
25,OVERLOAD,OVL_lt110_f5_WORST,IF loading>110.0% THEN shed 5% on *,110.0,*,0.05,-50.666919201239004,41,41,0.0,6.649141633924869,0.20050378465189844,25,0.0,0
26,OVERLOAD,OVL_lt130_f10_WORST,IF loading>130.0% THEN shed 10% on *,130.0,*,0.1,-50.666919201239004,41,41,0.0,6.649141633924869,0.20050378465189844,25,0.0,0
27,OVERLOAD,OVL_lt150_f20_WORST,IF loading>150.0% THEN shed 20% on *,150.0,*,0.2,-50.666919201239004,41,41,0.0,6.649141633924869,0.20050378465189844,25,0.0,0
28,OVERLOAD,OVL_lt150_f5_WORST,IF loading>150.0% THEN shed 5% on *,150.0,*,0.05,-50.666919201239004,41,41,0.0,6.649141633924869,0.20050378465189844,25,0.0,0
29,OVERLOAD,OVL_lt150_f10_WORST,IF loading>150.0% THEN shed 10% on *,150.0,*,0.1,-50.666919201239004,41,41,0.0,6.649141633924869,0.20050378465189844,25,0.0,0
30,OVERLOAD,OVL_lt130_f20_WORST,IF loading>130.0% THEN shed 20% on *,130.0,*,0.2,-50.666919201239004,41,41,0.0,6.649141633924869,0.20050378465189844,25,0.0,0
31,OVERLOAD,OVL_lt170_f20_WORST,IF loading>170.0% THEN shed 20% on *,170.0,*,0.2,-50.666919201239004,41,41,0.0,6.649141633924869,0.20050378465189844,25,0.0,0
32,OVERLOAD,OVL_lt170_f10_WORST,IF loading>170.0% THEN shed 10% on *,170.0,*,0.1,-50.666919201239004,41,41,0.0,6.649141633924869,0.20050378465189844,25,0.0,0
33,OVERLOAD,OVL_lt170_f5_WORST,IF loading>170.0% THEN shed 5% on *,170.0,*,0.05,-50.666919201239004,41,41,0.0,6.649141633924869,0.20050378465189844,25,0.0,0
34,COMPOUND,UVLS+OVL,UVLS_v90_f20_WORST+OVL_lt110_f10_WORST,,,,-50.666919201239004,41,41,0.0,6.649141633924869,0.20050378465189844,25,0.0,"UVLS_v90_f20_WORST:5, OVL_lt110_f10_WORST:0"
