line,mean,std,min,max,p95,viol
1_2_1,105.14431252873034,6.741797200751767,87.03485862048893,122.74909841766313,115.74134485858735,0.795
1_5_1,50.26266305330236,2.5095463306391195,43.54402204801529,57.43371354714285,53.87362741804521,0.0
2_3_1,48.76713257813748,3.859441000875121,37.03155791423886,57.39443341072729,55.62153369436823,0.0
2_4_1,37.37075406556272,1.6466014492531509,32.74568434624081,42.40547062215752,39.843596304230275,0.0
2_5_1,27.6166250528229,1.086658881385608,24.79741151718851,31.11812925942376,29.350549488859908,0.0
3_4_1,15.763669022064846,3.10248567181936,7.284211658472054,23.433807992292117,21.081646633485615,0.0
4_5_1,42.13601910317655,2.7161705787281614,34.234852346388564,49.74259053862332,46.54197174241025,0.0
6_11_1,5.428292356061344,0.6047347778273761,4.012604872318474,7.082453883411135,6.411112495686212,0.0
6_12_1,5.414095849914308,0.331071184442342,4.496145925962942,6.39237316171493,5.93061607764981,0.0
6_13_1,12.663866368081553,0.8107946025447292,10.28855637757383,14.700952877062948,14.167332685438147,0.0
7_8_1,11.403873352946757,0.6617435417450627,9.83377001952146,13.41239716444097,12.517180193154953,0.0
7_9_1,18.99615390960738,1.1442636177103653,16.178260607274314,22.178412382986636,20.9219065553593,0.0
9_10_1,4.458601649679097,0.6653400133895849,2.5119723572072363,6.069321743733988,5.5799114477932195,0.0
9_14_1,6.685939670352212,0.7471638180262695,4.920590518645889,8.974408312623822,7.942705422632024,0.0
10_11_1,2.747170827069649,0.5654142289276932,1.1560076706905826,4.605206900879525,3.70534171746772,0.0
12_13_1,1.1714858191854043,0.259078251713156,0.6288631112740052,1.9556911341535699,1.6243244055490182,0.0
13_14_1,3.9431119932030736,0.6334749037591823,2.332650436793064,5.564854743594657,4.968436631504371,0.0
