bus,mean,std,min,max,p05,p95,viol_low,viol_high
BUS 1,1.0600000000000003,2.220446049250313e-16,1.06,1.06,1.06,1.06,0.0,1.0
BUS 2,1.045,1.0764011587430408e-16,1.0449999999999997,1.0450000000000002,1.0449999999999997,1.045,0.0,0.0
BUS 3,1.0099999999999998,2.0710941968291184e-16,1.0099999999999998,1.01,1.0099999999999998,1.01,0.0,0.0
BUS 4,1.0177343614952783,0.0012749836394592975,1.0138294562294368,1.0204648875463371,1.0155620986047307,1.019875198010374,0.0,0.0
BUS 5,1.0195917510156218,0.0010740077877916994,1.0164414219720004,1.0219294074760443,1.0177152310749342,1.0214579671505455,0.0,0.0
BUS 6,1.07,1.0175362097255203e-16,1.0699999999999998,1.0700000000000003,1.0699999999999998,1.0700000000000003,0.0,1.0
BUS 7,1.061614218167264,0.00169269625246834,1.056454879331751,1.065616673922301,1.0587620850450274,1.0643779585284456,0.0,1.0
BUS 8,1.09,3.510833468576701e-17,1.0899999999999999,1.0900000000000003,1.09,1.09,0.0,1.0
BUS 9,1.056090492216493,0.002890607862118495,1.0474769615938424,1.0633012529243662,1.0512506237862027,1.060860565874113,0.0,0.975
BUS 10,1.0511540491960703,0.0027711830679179985,1.0421890652253019,1.0583310137066626,1.0465828831149053,1.0556721614505136,0.0,0.675
BUS 11,1.0570135810319412,0.0015236496972133233,1.05265297637437,1.060517004693743,1.0545909005961929,1.059439130387935,0.0,1.0
BUS 12,1.0553020193785558,0.0009739408667382742,1.052484791686634,1.0580224146690953,1.053778336848125,1.0569333334922728,0.0,1.0
BUS 13,1.0505732528223353,0.0013797690896044292,1.0471103994278597,1.0545481208668734,1.0481058946268416,1.05266299328442,0.0,0.68
BUS 14,1.035774650785758,0.0033268656102345808,1.0260159855881057,1.0439994441068177,1.0297130830985843,1.040840519799328,0.0,0.0
